frame,type,left,reference,left_label,reference_label,iou
adasind_145860.jpg,mismatching_label,7,2,ThreeWheeler,Car,0.616
adasind_145860.jpg,extra_annotation,2,,Car,,N/A
adasind_145860.jpg,extra_annotation,3,,ThreeWheeler,,N/A
adasind_145860.jpg,extra_annotation,4,,Bike,,N/A
adasind_145860.jpg,extra_annotation,5,,Car,,N/A
adasind_145860.jpg,extra_annotation,6,,Bike,,N/A
adasind_167700.jpg,extra_annotation,1,,ThreeWheeler,,N/A
adasind_167700.jpg,extra_annotation,2,,Bike,,N/A
adasind_167700.jpg,extra_annotation,3,,Car,,N/A
adasind_167700.jpg,extra_annotation,4,,ThreeWheeler,,N/A
adasind_167700.jpg,extra_annotation,5,,Bike,,N/A
adasind_167700.jpg,extra_annotation,6,,Car,,N/A
adasind_167700.jpg,missing_annotation,,1,,Pedestrian,N/A
adasind_167700.jpg,missing_annotation,,2,,Bike,N/A
adasind_167700.jpg,missing_annotation,,3,,Pedestrian,N/A
adasind_167700.jpg,missing_annotation,,4,,Car,N/A
adasind_167700.jpg,missing_annotation,,5,,Bike,N/A
adasind_167700.jpg,missing_annotation,,6,,ThreeWheeler,N/A
adasind_167700.jpg,missing_annotation,,7,,Truck,N/A
adasind_167700.jpg,missing_annotation,,8,,Truck,N/A
adasind_167700.jpg,missing_annotation,,9,,Bike,N/A
adasind_199770.jpg,extra_annotation,1,,ThreeWheeler,,N/A
adasind_199770.jpg,extra_annotation,2,,Bike,,N/A
adasind_199770.jpg,extra_annotation,3,,Car,,N/A
adasind_199770.jpg,extra_annotation,4,,ThreeWheeler,,N/A
adasind_199770.jpg,extra_annotation,5,,Bike,,N/A
adasind_199770.jpg,extra_annotation,6,,Car,,N/A
adasind_199770.jpg,extra_annotation,7,,Truck,,N/A
adasind_199770.jpg,missing_annotation,,1,,Pedestrian,N/A
adasind_199770.jpg,missing_annotation,,2,,ThreeWheeler,N/A
adasind_199770.jpg,missing_annotation,,3,,Pedestrian,N/A
adasind_199770.jpg,missing_annotation,,4,,ThreeWheeler,N/A
adasind_199770.jpg,missing_annotation,,5,,Bike,N/A
adasind_199770.jpg,missing_annotation,,6,,Bike,N/A
adasind_199770.jpg,missing_annotation,,7,,Truck,N/A
adasind_199770.jpg,missing_annotation,,8,,ThreeWheeler,N/A
adasind_199770.jpg,missing_annotation,,9,,Bike,N/A
