round,slice,frame,object_ref,cell,what,why,severity,owner,rule_id,evidence,action,rules_version,note
r1_craft,B2-center,adasind_062370.jpg,L8+R8,LM_noR,WRONG_CLASS,E1_annotator_error,P1,annotator,R04,local_quality_conflicts.csv dòng L8 R8 WRONG_CLASS,rework,v1.0.0,Xe có thùng hàng phía sau bị gán nhầm Car thay vì Truck theo R04
r1_craft,B2-center,adasind_062370.jpg,L1,L_only,SPURIOUS,E5_unresolved,P2,qa,R01,compare.md L1 SPURIOUS frame 062370,keep_with_reason,v1.0.0,Box phát sinh từ compare; cần xác nhận thêm trong peer review
r1_craft,B2-center,adasind_117120.jpg,L4,L_only,MISSING,E2_guideline_gap,P2,guideline,R01,selfqc.md cảnh báo chiều cao sát ngưỡng H=40,keep_with_reason,v1.0.0,Phương tiện xa chiều cao đo khoảng 37-40 px; ranh giới ngưỡng H=40 cần làm rõ trong guideline
r2_qa,B2-center,adasind_062370.jpg,L8,L_only,WRONG_CLASS,,P1,annotator,R04,qa_review.md dòng 1,,v1.0.0,Xe tải nhỏ/pickup gán sai thành Car; R04 yêu cầu Truck
r2_qa,B2-center,adasind_086220.jpg,L1,L_only,ATTRIBUTE,,P2,annotator,R05,qa_review.md dòng 2,,v1.0.0,ThreeWheeler lớn bị cắt mép nhưng truncated chưa được đánh đúng
r2_qa,B2-center,adasind_117120.jpg,L8,L_only,MISSING,,P2,annotator,R01,qa_review.md dòng 3,,v1.0.0,Phương tiện xa sát ngưỡng H=40; cần soát lại theo rule R01
r3_diag,B2-center,adasind_062370.jpg,L1+R1,LR_noM,MISSING,E4_model_domain,P2,ai_team,R01,model_compare.md frame 062370 LR_noM,keep_with_reason,v1.0.0,ThreeWheeler lớn bị mô hình bỏ sót do domain shift fisheye
r3_diag,B2-center,adasind_062370.jpg,L5+R5,LR_noM,MISSING,E4_model_domain,P2,ai_team,R01,model_compare.md frame 062370 LR_noM,keep_with_reason,v1.0.0,Model không nhận ThreeWheeler nhỏ ở zone center
r3_diag,B2-center,adasind_062370.jpg,L6+R6,LR_noM,MISSING,E4_model_domain,P2,ai_team,R01,model_compare.md frame 062370 LR_noM,keep_with_reason,v1.0.0,Model bỏ sót ThreeWheeler bị che một phần
r3_diag,B2-center,adasind_062370.jpg,L7+R7,LR_noM,MISSING,E4_model_domain,P2,ai_team,R01,model_compare.md frame 062370 LR_noM,keep_with_reason,v1.0.0,Model bỏ sót ThreeWheeler nhỏ vùng center
r3_diag,B2-center,adasind_062370.jpg,M3,M_only,SPURIOUS,E4_model_domain,P2,ai_team,R01,model_compare.md frame 062370 M_only,keep_with_reason,v1.0.0,Box thừa từ mô hình do nhiễu hình học fisheye zone center
r3_diag,B2-center,adasind_062370.jpg,M4,M_only,SPURIOUS,E4_model_domain,P2,ai_team,R01,model_compare.md frame 062370 M_only edge,keep_with_reason,v1.0.0,Box thừa model zone edge; không có đối tượng tương ứng trong reference
r3_diag,B2-center,adasind_062370.jpg,M5,M_only,SPURIOUS,E4_model_domain,P2,ai_team,R01,model_compare.md frame 062370 M_only,keep_with_reason,v1.0.0,Box thừa model zone center do vùng chồng méo lens
r3_diag,B2-center,adasind_086220.jpg,L1+R1,LR_noM,MISSING,E4_model_domain,P2,ai_team,R01,model_compare.md frame 086220 LR_noM mid,keep_with_reason,v1.0.0,ThreeWheeler lớn zone mid bị mô hình bỏ sót hoàn toàn
r3_diag,B2-center,adasind_086220.jpg,L4+R4,LR_noM,MISSING,E4_model_domain,P2,ai_team,R01,model_compare.md frame 086220 LR_noM,keep_with_reason,v1.0.0,Bike nhỏ zone center bị mô hình bỏ sót
r3_diag,B2-center,adasind_086220.jpg,M2,M_only,SPURIOUS,E4_model_domain,P2,ai_team,R01,model_compare.md frame 086220 M_only,keep_with_reason,v1.0.0,Box thừa model center do nhiễu
r3_diag,B2-center,adasind_117120.jpg,L2+R2,LR_noM,MISSING,E4_model_domain,P2,ai_team,R01,model_compare.md frame 117120 LR_noM center,keep_with_reason,v1.0.0,Car zone center bị mô hình bỏ sót
r3_diag,B2-center,adasind_117120.jpg,L4+R4,LR_noM,MISSING,E4_model_domain,P2,ai_team,R01,model_compare.md frame 117120 LR_noM center,keep_with_reason,v1.0.0,Car nhỏ zone center bị model bỏ sót do fisheye distortion
r3_diag,B2-center,adasind_117120.jpg,M1,M_only,SPURIOUS,E4_model_domain,P2,ai_team,R01,model_compare.md frame 117120 M_only center,keep_with_reason,v1.0.0,Box thừa model zone center; không có đối tượng reference
r3_diag,B2-center,adasind_117120.jpg,M6,M_only,SPURIOUS,E4_model_domain,P2,ai_team,R01,model_compare.md frame 117120 M_only mid,keep_with_reason,v1.0.0,Box thừa model zone mid do phản chiếu lens
r3_diag,B2-center,adasind_086220.jpg,L3+R3+M3,LRM,ATTRIBUTE,E4_model_domain,P3,ai_team,R05,model_compare.md frame 086220 LRM match,keep_with_reason,v1.0.0,Car trên đường bị model phát hiện đúng vị trí nhưng IoU thấp do biến dạng fisheye zone mid; L/R/M đều có box nhưng shape khác nhau đáng kể
r1_craft,B3-dense,adasind_145860.jpg,L2,na,SPURIOUS,,,,,,,,
r1_craft,B3-dense,adasind_145860.jpg,L3,na,SPURIOUS,,,,,,,,
r1_craft,B3-dense,adasind_145860.jpg,L4,na,SPURIOUS,,,,,,,,
r1_craft,B3-dense,adasind_145860.jpg,L5,na,SPURIOUS,,,,,,,,
r1_craft,B3-dense,adasind_145860.jpg,L6,na,SPURIOUS,,,,,,,,
r1_craft,B3-dense,adasind_145860.jpg,L7+R2,na,WRONG_CLASS,,,,,,,,
r1_craft,B3-dense,adasind_167700.jpg,L1,na,SPURIOUS,,,,,,,,
r1_craft,B3-dense,adasind_167700.jpg,L2,na,SPURIOUS,,,,,,,,
r1_craft,B3-dense,adasind_167700.jpg,L3,na,SPURIOUS,,,,,,,,
r1_craft,B3-dense,adasind_167700.jpg,L4,na,SPURIOUS,,,,,,,,
r1_craft,B3-dense,adasind_167700.jpg,L5,na,SPURIOUS,,,,,,,,
r1_craft,B3-dense,adasind_167700.jpg,L6,na,SPURIOUS,,,,,,,,
r1_craft,B3-dense,adasind_167700.jpg,R1,na,MISSING,,,,,,,,
r1_craft,B3-dense,adasind_167700.jpg,R2,na,MISSING,,,,,,,,
r1_craft,B3-dense,adasind_167700.jpg,R3,na,MISSING,,,,,,,,
r1_craft,B3-dense,adasind_167700.jpg,R4,na,MISSING,,,,,,,,
r1_craft,B3-dense,adasind_167700.jpg,R5,na,MISSING,,,,,,,,
r1_craft,B3-dense,adasind_167700.jpg,R6,na,MISSING,,,,,,,,
r1_craft,B3-dense,adasind_167700.jpg,R7,na,MISSING,,,,,,,,
r1_craft,B3-dense,adasind_167700.jpg,R8,na,MISSING,,,,,,,,
r1_craft,B3-dense,adasind_167700.jpg,R9,na,MISSING,,,,,,,,
r1_craft,B3-dense,adasind_199770.jpg,L1+R2,na,BOX_GEOMETRY,,,,,,,,
r1_craft,B3-dense,adasind_199770.jpg,L2+R5,na,BOX_GEOMETRY,,,,,,,,
r1_craft,B3-dense,adasind_199770.jpg,L3,na,SPURIOUS,,,,,,,,
r1_craft,B3-dense,adasind_199770.jpg,L4+R8,na,BOX_GEOMETRY,,,,,,,,
r1_craft,B3-dense,adasind_199770.jpg,L5,na,SPURIOUS,,,,,,,,
r1_craft,B3-dense,adasind_199770.jpg,L6,na,SPURIOUS,,,,,,,,
r1_craft,B3-dense,adasind_199770.jpg,L7,na,SPURIOUS,,,,,,,,
r1_craft,B3-dense,adasind_199770.jpg,R1,na,MISSING,,,,,,,,
r1_craft,B3-dense,adasind_199770.jpg,R3,na,MISSING,,,,,,,,
r1_craft,B3-dense,adasind_199770.jpg,R4,na,MISSING,,,,,,,,
r1_craft,B3-dense,adasind_199770.jpg,R6,na,MISSING,,,,,,,,
r1_craft,B3-dense,adasind_199770.jpg,R7,na,MISSING,,,,,,,,
r1_craft,B3-dense,adasind_199770.jpg,R9,na,MISSING,,,,,,,,
rework,B3-dense,adasind_145860.jpg,L2,na,SPURIOUS,,,,,,,,
rework,B3-dense,adasind_145860.jpg,L3,na,SPURIOUS,,,,,,,,
rework,B3-dense,adasind_145860.jpg,L4,na,SPURIOUS,,,,,,,,
rework,B3-dense,adasind_145860.jpg,L5,na,SPURIOUS,,,,,,,,
rework,B3-dense,adasind_145860.jpg,L6,na,SPURIOUS,,,,,,,,
rework,B3-dense,adasind_145860.jpg,L7+R2,na,WRONG_CLASS,,,,,,,,
rework,B3-dense,adasind_167700.jpg,L1,na,SPURIOUS,,,,,,,,
rework,B3-dense,adasind_167700.jpg,L2,na,SPURIOUS,,,,,,,,
rework,B3-dense,adasind_167700.jpg,L3,na,SPURIOUS,,,,,,,,
rework,B3-dense,adasind_167700.jpg,L4,na,SPURIOUS,,,,,,,,
rework,B3-dense,adasind_167700.jpg,L5,na,SPURIOUS,,,,,,,,
rework,B3-dense,adasind_167700.jpg,L6,na,SPURIOUS,,,,,,,,
rework,B3-dense,adasind_167700.jpg,R1,na,MISSING,,,,,,,,
rework,B3-dense,adasind_167700.jpg,R2,na,MISSING,,,,,,,,
rework,B3-dense,adasind_167700.jpg,R3,na,MISSING,,,,,,,,
rework,B3-dense,adasind_167700.jpg,R4,na,MISSING,,,,,,,,
rework,B3-dense,adasind_167700.jpg,R5,na,MISSING,,,,,,,,
rework,B3-dense,adasind_167700.jpg,R6,na,MISSING,,,,,,,,
rework,B3-dense,adasind_167700.jpg,R7,na,MISSING,,,,,,,,
rework,B3-dense,adasind_167700.jpg,R8,na,MISSING,,,,,,,,
rework,B3-dense,adasind_167700.jpg,R9,na,MISSING,,,,,,,,
rework,B3-dense,adasind_199770.jpg,L1+R2,na,BOX_GEOMETRY,,,,,,,,
rework,B3-dense,adasind_199770.jpg,L2+R5,na,BOX_GEOMETRY,,,,,,,,
rework,B3-dense,adasind_199770.jpg,L3,na,SPURIOUS,,,,,,,,
rework,B3-dense,adasind_199770.jpg,L4+R8,na,BOX_GEOMETRY,,,,,,,,
rework,B3-dense,adasind_199770.jpg,L5,na,SPURIOUS,,,,,,,,
rework,B3-dense,adasind_199770.jpg,L6,na,SPURIOUS,,,,,,,,
rework,B3-dense,adasind_199770.jpg,L7,na,SPURIOUS,,,,,,,,
rework,B3-dense,adasind_199770.jpg,R1,na,MISSING,,,,,,,,
rework,B3-dense,adasind_199770.jpg,R3,na,MISSING,,,,,,,,
rework,B3-dense,adasind_199770.jpg,R4,na,MISSING,,,,,,,,
rework,B3-dense,adasind_199770.jpg,R6,na,MISSING,,,,,,,,
rework,B3-dense,adasind_199770.jpg,R7,na,MISSING,,,,,,,,
rework,B3-dense,adasind_199770.jpg,R9,na,MISSING,,,,,,,,
r3_diag,B3-dense,adasind_145860.jpg,L2,L_only,SPURIOUS,E4_model_domain,P2,ai_team,R01,model_compare.md frame adasind_145860 L_only,keep_with_reason,v1.0.0,
r3_diag,B3-dense,adasind_145860.jpg,L3,L_only,SPURIOUS,E4_model_domain,P2,ai_team,R01,model_compare.md frame adasind_145860 L_only,keep_with_reason,v1.0.0,
r3_diag,B3-dense,adasind_145860.jpg,L4,L_only,SPURIOUS,E4_model_domain,P2,ai_team,R01,model_compare.md frame adasind_145860 L_only,keep_with_reason,v1.0.0,
r3_diag,B3-dense,adasind_145860.jpg,L5,L_only,SPURIOUS,E4_model_domain,P2,ai_team,R01,model_compare.md frame adasind_145860 L_only,keep_with_reason,v1.0.0,
r3_diag,B3-dense,adasind_145860.jpg,L6,L_only,SPURIOUS,E4_model_domain,P2,ai_team,R01,model_compare.md frame adasind_145860 L_only,keep_with_reason,v1.0.0,
r3_diag,B3-dense,adasind_145860.jpg,L7,L_only,SPURIOUS,E4_model_domain,P2,ai_team,R01,model_compare.md frame adasind_145860 L_only,keep_with_reason,v1.0.0,
r3_diag,B3-dense,adasind_145860.jpg,R2+M2,RM_noL,MISSING,E4_model_domain,P2,ai_team,R01,model_compare.md frame adasind_145860 RM_noL,keep_with_reason,v1.0.0,
r3_diag,B3-dense,adasind_167700.jpg,L1,L_only,SPURIOUS,E4_model_domain,P2,ai_team,R01,model_compare.md frame adasind_167700 L_only,keep_with_reason,v1.0.0,
r3_diag,B3-dense,adasind_167700.jpg,L2,L_only,SPURIOUS,E4_model_domain,P2,ai_team,R01,model_compare.md frame adasind_167700 L_only,keep_with_reason,v1.0.0,
r3_diag,B3-dense,adasind_167700.jpg,L3,L_only,SPURIOUS,E4_model_domain,P2,ai_team,R01,model_compare.md frame adasind_167700 L_only,keep_with_reason,v1.0.0,
r3_diag,B3-dense,adasind_167700.jpg,L4,L_only,SPURIOUS,E4_model_domain,P2,ai_team,R01,model_compare.md frame adasind_167700 L_only,keep_with_reason,v1.0.0,
r3_diag,B3-dense,adasind_167700.jpg,L5,L_only,SPURIOUS,E4_model_domain,P2,ai_team,R01,model_compare.md frame adasind_167700 L_only,keep_with_reason,v1.0.0,
r3_diag,B3-dense,adasind_167700.jpg,L6,L_only,SPURIOUS,E4_model_domain,P2,ai_team,R01,model_compare.md frame adasind_167700 L_only,keep_with_reason,v1.0.0,
r3_diag,B3-dense,adasind_167700.jpg,R1+M1,RM_noL,MISSING,E4_model_domain,P2,ai_team,R01,model_compare.md frame adasind_167700 RM_noL,keep_with_reason,v1.0.0,
r3_diag,B3-dense,adasind_167700.jpg,R2+M7,RM_noL,MISSING,E4_model_domain,P2,ai_team,R01,model_compare.md frame adasind_167700 RM_noL,keep_with_reason,v1.0.0,
r3_diag,B3-dense,adasind_167700.jpg,R3+M3,RM_noL,MISSING,E4_model_domain,P2,ai_team,R01,model_compare.md frame adasind_167700 RM_noL,keep_with_reason,v1.0.0,
r3_diag,B3-dense,adasind_167700.jpg,R4+M4,RM_noL,MISSING,E4_model_domain,P2,ai_team,R01,model_compare.md frame adasind_167700 RM_noL,keep_with_reason,v1.0.0,
r3_diag,B3-dense,adasind_167700.jpg,R5+M6,RM_noL,MISSING,E4_model_domain,P2,ai_team,R01,model_compare.md frame adasind_167700 RM_noL,keep_with_reason,v1.0.0,
r3_diag,B3-dense,adasind_167700.jpg,R6,R_only,MISSING,E4_model_domain,P2,ai_team,R01,model_compare.md frame adasind_167700 R_only,keep_with_reason,v1.0.0,
r3_diag,B3-dense,adasind_167700.jpg,R7,R_only,MISSING,E4_model_domain,P2,ai_team,R01,model_compare.md frame adasind_167700 R_only,keep_with_reason,v1.0.0,
r3_diag,B3-dense,adasind_167700.jpg,R8+M9,RM_noL,MISSING,E4_model_domain,P2,ai_team,R01,model_compare.md frame adasind_167700 RM_noL,keep_with_reason,v1.0.0,
r3_diag,B3-dense,adasind_167700.jpg,R9,R_only,MISSING,E4_model_domain,P2,ai_team,R01,model_compare.md frame adasind_167700 R_only,keep_with_reason,v1.0.0,
r3_diag,B3-dense,adasind_167700.jpg,M5,M_only,SPURIOUS,E4_model_domain,P2,ai_team,R01,model_compare.md frame adasind_167700 M_only,keep_with_reason,v1.0.0,
r3_diag,B3-dense,adasind_167700.jpg,M8,M_only,SPURIOUS,E4_model_domain,P2,ai_team,R01,model_compare.md frame adasind_167700 M_only,keep_with_reason,v1.0.0,
r3_diag,B3-dense,adasind_199770.jpg,L1,L_only,SPURIOUS,E4_model_domain,P2,ai_team,R01,model_compare.md frame adasind_199770 L_only,keep_with_reason,v1.0.0,
r3_diag,B3-dense,adasind_199770.jpg,L2+M5,LM_noR,SPURIOUS,E4_model_domain,P2,ai_team,R01,model_compare.md frame adasind_199770 LM_noR,keep_with_reason,v1.0.0,
r3_diag,B3-dense,adasind_199770.jpg,L3,L_only,SPURIOUS,E4_model_domain,P2,ai_team,R01,model_compare.md frame adasind_199770 L_only,keep_with_reason,v1.0.0,
r3_diag,B3-dense,adasind_199770.jpg,L4,L_only,SPURIOUS,E4_model_domain,P2,ai_team,R01,model_compare.md frame adasind_199770 L_only,keep_with_reason,v1.0.0,
r3_diag,B3-dense,adasind_199770.jpg,L5,L_only,SPURIOUS,E4_model_domain,P2,ai_team,R01,model_compare.md frame adasind_199770 L_only,keep_with_reason,v1.0.0,
r3_diag,B3-dense,adasind_199770.jpg,L6,L_only,SPURIOUS,E4_model_domain,P2,ai_team,R01,model_compare.md frame adasind_199770 L_only,keep_with_reason,v1.0.0,
r3_diag,B3-dense,adasind_199770.jpg,L7,L_only,SPURIOUS,E4_model_domain,P2,ai_team,R01,model_compare.md frame adasind_199770 L_only,keep_with_reason,v1.0.0,
r3_diag,B3-dense,adasind_199770.jpg,R1+M1,RM_noL,MISSING,E4_model_domain,P2,ai_team,R01,model_compare.md frame adasind_199770 RM_noL,keep_with_reason,v1.0.0,
r3_diag,B3-dense,adasind_199770.jpg,R2,R_only,MISSING,E4_model_domain,P2,ai_team,R01,model_compare.md frame adasind_199770 R_only,keep_with_reason,v1.0.0,
r3_diag,B3-dense,adasind_199770.jpg,R3+M10,RM_noL,MISSING,E4_model_domain,P2,ai_team,R01,model_compare.md frame adasind_199770 RM_noL,keep_with_reason,v1.0.0,
r3_diag,B3-dense,adasind_199770.jpg,R4,R_only,MISSING,E4_model_domain,P2,ai_team,R01,model_compare.md frame adasind_199770 R_only,keep_with_reason,v1.0.0,
r3_diag,B3-dense,adasind_199770.jpg,R5,R_only,MISSING,E4_model_domain,P2,ai_team,R01,model_compare.md frame adasind_199770 R_only,keep_with_reason,v1.0.0,
r3_diag,B3-dense,adasind_199770.jpg,R6,R_only,MISSING,E4_model_domain,P2,ai_team,R01,model_compare.md frame adasind_199770 R_only,keep_with_reason,v1.0.0,
r3_diag,B3-dense,adasind_199770.jpg,R7,R_only,MISSING,E4_model_domain,P2,ai_team,R01,model_compare.md frame adasind_199770 R_only,keep_with_reason,v1.0.0,
r3_diag,B3-dense,adasind_199770.jpg,R8,R_only,MISSING,E4_model_domain,P2,ai_team,R01,model_compare.md frame adasind_199770 R_only,keep_with_reason,v1.0.0,
r3_diag,B3-dense,adasind_199770.jpg,R9+M3,RM_noL,MISSING,E4_model_domain,P2,ai_team,R01,model_compare.md frame adasind_199770 RM_noL,keep_with_reason,v1.0.0,
r3_diag,B3-dense,adasind_199770.jpg,M4,M_only,SPURIOUS,E4_model_domain,P2,ai_team,R01,model_compare.md frame adasind_199770 M_only,keep_with_reason,v1.0.0,
r3_diag,B3-dense,adasind_199770.jpg,M6,M_only,SPURIOUS,E4_model_domain,P2,ai_team,R01,model_compare.md frame adasind_199770 M_only,keep_with_reason,v1.0.0,
r3_diag,B3-dense,adasind_199770.jpg,M8,M_only,SPURIOUS,E4_model_domain,P2,ai_team,R01,model_compare.md frame adasind_199770 M_only,keep_with_reason,v1.0.0,
r3_diag,B3-dense,adasind_199770.jpg,M9,M_only,SPURIOUS,E4_model_domain,P2,ai_team,R01,model_compare.md frame adasind_199770 M_only,keep_with_reason,v1.0.0,
r3_diag,B3-dense,adasind_199770.jpg,M11,M_only,SPURIOUS,E4_model_domain,P2,ai_team,R01,model_compare.md frame adasind_199770 M_only,keep_with_reason,v1.0.0,
r3_diag,B3-dense,adasind_199770.jpg,M12,M_only,SPURIOUS,E4_model_domain,P2,ai_team,R01,model_compare.md frame adasind_199770 M_only,keep_with_reason,v1.0.0,
r3_diag,B3-dense,adasind_199770.jpg,M13,M_only,SPURIOUS,E4_model_domain,P2,ai_team,R01,model_compare.md frame adasind_199770 M_only,keep_with_reason,v1.0.0,
